date,count,hours
2026-07-01,2,11.2664
2026-07-02,2,0.9022
2026-07-03,0,0.0000
2026-07-04,0,0.0000
2026-07-05,1,0.0378
2026-07-06,4,5.5789
2026-07-07,1,0.2697
2026-07-08,7,6.7728
2026-07-09,0,0.0000
2026-07-10,0,0.0000
2026-07-11,1,1.3614
2026-07-12,0,0.0000
2026-07-13,0,0.0000
2026-07-14,3,1.4528
2026-07-15,2,0.6181
2026-07-16,1,1.0167
2026-07-17,2,1.0203
2026-07-18,2,0.8642
2026-07-19,4,2.9692
2026-07-20,1,0.2544
2026-07-21,2,2.0164
2026-07-22,2,0.4608
2026-07-23,1,0.2144
2026-07-24,5,1.4236
2026-07-25,3,1.5614
2026-07-26,2,1.4039
2026-07-27,4,0.8114
2026-07-28,2,0.9061
2026-07-29,0,0.0000
2026-07-30,1,5.0736
2026-07-31,4,1.8447
2026-08-01,3,2.1119
2026-08-02,3,0.6736
2026-08-03,1,0.1903
2026-08-04,3,3.8756
2026-08-05,3,2.0111
2026-08-06,1,0.2756
2026-08-07,2,0.7869
2026-08-08,4,2.3314
2026-08-09,0,0.0000
2026-08-10,4,1.1833
2026-08-11,3,1.0511
2026-08-12,3,4.9658
2026-08-13,0,0.0000
2026-08-14,0,0.0000
2026-08-15,0,0.0000
2026-08-16,5,3.5703
2026-08-17,1,0.3903
2026-08-18,10,7.0047
2026-08-19,1,8.7547
2026-08-20,6,5.4400
2026-08-21,0,0.0000
2026-08-22,5,2.4569
2026-08-23,1,0.4675
2026-08-24,2,0.9833
2026-08-25,1,0.7878
2026-08-26,1,0.5583
2026-08-27,13,15.3286
2026-08-28,12,9.9964
2026-08-29,10,10.7969
2026-08-30,11,8.9325
2026-08-31,12,7.7347
2026-09-01,7,5.2972
2026-09-02,11,8.6106
2026-09-03,7,13.4264
2026-09-04,7,4.8011
2026-09-05,5,9.0661
2026-09-06,1,0.3592
2026-09-07,2,11.4425
2026-09-08,4,16.2114
2026-09-09,7,10.0500
2026-09-10,6,4.7975
2026-09-11,5,5.4314
2026-09-12,6,3.1181
2026-09-13,4,0.5408
2026-09-14,1,0.4589
2026-09-15,5,3.5019
2026-09-16,6,2.3108
2026-09-17,10,6.6736
2026-09-18,4,1.6369
2026-09-19,5,2.2047
2026-09-20,11,13.5419
2026-09-21,6,4.2369
2026-09-22,9,10.6464
2026-09-23,10,9.4483
2026-09-24,5,11.0900
2026-09-25,10,9.4711
2026-09-26,9,11.7175
2026-09-27,4,18.7417
2026-09-28,8,13.6247
2026-09-29,10,21.5519
2026-09-30,5,8.4147
2026-10-01,12,7.8164
2026-10-02,8,6.5917
2026-10-03,9,3.8517
